{"cameraMode":{"drawMode":0,"name":"Shaded","section":"Shading Mode"},"sceneLighting":true,"audioPlay":false,"sceneViewState":{"m_AlwaysRefresh":false,"showFog":false,"showSkybox":true,"showFlares":true,"showImageEffects":true,"showParticleSystems":true,"showVisualEffectGraphs":true,"m_FxEnabled":true},"in2DMode":false,"pivot":{"x":0.9191734790802002,"y":-0.672982931137085,"z":-0.07576286792755127},"rotation":{"x":0.15565361082553864,"y":-0.7661534547805786,"z":0.20217040181159974,"w":0.5898526906967163},"size":1.5495045185089112,"orthographic":false}