{"cameraMode":{"drawMode":0,"name":"Shaded","section":"Shading Mode"},"sceneLighting":true,"audioPlay":false,"sceneViewState":{"m_AlwaysRefresh":false,"showFog":false,"showSkybox":true,"showFlares":true,"showImageEffects":true,"showParticleSystems":true,"showVisualEffectGraphs":true,"m_FxEnabled":true},"in2DMode":false,"pivot":{"x":0.5807560086250305,"y":-0.23703625798225404,"z":2.9604156017303469},"rotation":{"x":0.14289315044879914,"y":0.5126473903656006,"z":-0.08692751824855805,"w":0.8424817323684692},"size":1.5957921743392945,"orthographic":false}