{"cameraMode":{"drawMode":0,"name":"Shaded","section":"Shading Mode"},"sceneLighting":true,"audioPlay":false,"sceneViewState":{"m_AlwaysRefresh":false,"showFog":false,"showSkybox":true,"showFlares":true,"showImageEffects":true,"showParticleSystems":true,"showVisualEffectGraphs":true,"m_FxEnabled":true},"in2DMode":false,"pivot":{"x":1.1504542827606202,"y":1.6650086641311646,"z":0.6791161298751831},"rotation":{"x":-0.09746774286031723,"y":0.8303970694541931,"z":-0.15368397533893586,"w":-0.5266561508178711},"size":0.7994066476821899,"orthographic":false}