{"cameraMode":{"drawMode":0,"name":"Shaded","section":"Shading Mode"},"sceneLighting":true,"audioPlay":false,"sceneViewState":{"m_AlwaysRefresh":false,"showFog":false,"showSkybox":true,"showFlares":true,"showImageEffects":true,"showParticleSystems":true,"showVisualEffectGraphs":true,"m_FxEnabled":true},"in2DMode":false,"pivot":{"x":-0.29257819056510928,"y":1.4352349042892457,"z":-0.46791672706604006},"rotation":{"x":0.17654047906398774,"y":0.16364046931266786,"z":-0.02978363074362278,"w":0.9701654314994812},"size":3.832789659500122,"orthographic":false}