{"cameraMode":{"drawMode":0,"name":"Shaded","section":"Shading Mode"},"sceneLighting":true,"audioPlay":false,"sceneViewState":{"m_AlwaysRefresh":false,"showFog":false,"showSkybox":true,"showFlares":true,"showImageEffects":true,"showParticleSystems":true,"showVisualEffectGraphs":true,"m_FxEnabled":true},"in2DMode":false,"pivot":{"x":3.6854066848754885,"y":1.3383333683013917,"z":1.334565281867981},"rotation":{"x":-0.02608727477490902,"y":0.9696798920631409,"z":-0.21156087517738343,"w":-0.11957979202270508},"size":0.6137295365333557,"orthographic":false}