{"cameraMode":{"drawMode":0,"name":"Shaded","section":"Shading Mode"},"sceneLighting":true,"audioPlay":false,"sceneViewState":{"m_AlwaysRefresh":false,"showFog":false,"showSkybox":true,"showFlares":true,"showImageEffects":true,"showParticleSystems":true,"showVisualEffectGraphs":true,"m_FxEnabled":true},"in2DMode":false,"pivot":{"x":4.305655002593994,"y":2.3660261631011965,"z":-0.047326505184173587},"rotation":{"x":-0.22264087200164796,"y":0.7282552719116211,"z":-0.27661141753196719,"w":-0.5861486792564392},"size":0.6236101388931274,"orthographic":false}