{"cameraMode":{"drawMode":0,"name":"Shaded","section":"Shading Mode"},"sceneLighting":true,"audioPlay":false,"sceneViewState":{"m_AlwaysRefresh":false,"showFog":false,"showSkybox":true,"showFlares":true,"showImageEffects":true,"showParticleSystems":true,"showVisualEffectGraphs":true,"m_FxEnabled":true},"in2DMode":false,"pivot":{"x":1.9023891687393189,"y":1.2525639533996583,"z":1.845604419708252},"rotation":{"x":-0.04059625044465065,"y":0.9181387424468994,"z":-0.09759445488452912,"w":-0.38192474842071535},"size":0.7449135780334473,"orthographic":false}