{"cameraMode":{"drawMode":0,"name":"Shaded","section":"Shading Mode"},"sceneLighting":true,"audioPlay":false,"sceneViewState":{"m_AlwaysRefresh":false,"showFog":false,"showSkybox":true,"showFlares":true,"showImageEffects":true,"showParticleSystems":true,"showVisualEffectGraphs":true,"m_FxEnabled":true},"in2DMode":false,"pivot":{"x":-0.6187472939491272,"y":1.2297654151916505,"z":-1.797624945640564},"rotation":{"x":0.21857696771621705,"y":0.04161452874541283,"z":-0.009280889295041561,"w":0.9751535654067993},"size":1.5957921743392945,"orthographic":false}