{"cameraMode":{"drawMode":0,"name":"Shaded","section":"Shading Mode"},"sceneLighting":true,"audioPlay":false,"sceneViewState":{"m_AlwaysRefresh":false,"showFog":false,"showSkybox":true,"showFlares":true,"showImageEffects":true,"showParticleSystems":true,"showVisualEffectGraphs":true,"m_FxEnabled":true},"in2DMode":false,"pivot":{"x":-0.5988289713859558,"y":1.0261527299880982,"z":2.341881036758423},"rotation":{"x":-0.536081850528717,"y":0.009371037594974041,"z":-0.005944459233433008,"w":-0.8441257476806641},"size":1.8975681066513062,"orthographic":false}