{"cameraMode":{"drawMode":0,"name":"Shaded","section":"Shading Mode"},"sceneLighting":true,"audioPlay":false,"sceneViewState":{"m_AlwaysRefresh":false,"showFog":false,"showSkybox":true,"showFlares":true,"showImageEffects":true,"showParticleSystems":true,"showVisualEffectGraphs":true,"m_FxEnabled":true},"in2DMode":false,"pivot":{"x":2.8998043537139894,"y":0.9887319207191467,"z":10.308842658996582},"rotation":{"x":-0.2612656354904175,"y":-0.5473088026046753,"z":0.18490621447563172,"w":-0.7733164429664612},"size":2.5124714374542238,"orthographic":false}