{"cameraMode":{"drawMode":0,"name":"Shaded","section":"Shading Mode"},"sceneLighting":true,"audioPlay":false,"sceneViewState":{"m_AlwaysRefresh":false,"showFog":false,"showSkybox":true,"showFlares":true,"showImageEffects":true,"showParticleSystems":true,"showVisualEffectGraphs":true,"m_FxEnabled":true},"in2DMode":false,"pivot":{"x":6.06638765335083,"y":3.6245787143707277,"z":3.6885266304016115},"rotation":{"x":-0.033275119960308078,"y":0.9622339010238648,"z":-0.23241718113422395,"w":-0.13776330649852754},"size":0.08660251647233963,"orthographic":false}