{"cameraMode":{"drawMode":0,"name":"Shaded","section":"Shading Mode"},"sceneLighting":true,"audioPlay":false,"sceneViewState":{"m_AlwaysRefresh":false,"showFog":false,"showSkybox":true,"showFlares":true,"showImageEffects":true,"showParticleSystems":true,"showVisualEffectGraphs":true,"m_FxEnabled":true},"in2DMode":false,"pivot":{"x":-0.11498650163412094,"y":3.8132336139678957,"z":-2.709243059158325},"rotation":{"x":-0.25095731019973757,"y":-0.17573966085910798,"z":0.04637764394283295,"w":-0.9510271549224854},"size":1.5957921743392945,"orthographic":false}