{"cameraMode":{"drawMode":0,"name":"Shaded","section":"Shading Mode"},"sceneLighting":true,"audioPlay":false,"sceneViewState":{"m_AlwaysRefresh":false,"showFog":false,"showSkybox":true,"showFlares":true,"showImageEffects":true,"showParticleSystems":true,"showVisualEffectGraphs":true,"m_FxEnabled":true},"in2DMode":false,"pivot":{"x":9.737377166748047,"y":-0.32742080092430117,"z":18.262012481689454},"rotation":{"x":0.04922551289200783,"y":0.7272096276283264,"z":-0.052470553666353229,"w":0.682780385017395},"size":6.130383491516113,"orthographic":false}