{"cameraMode":{"drawMode":0,"name":"Shaded","section":"Shading Mode"},"sceneLighting":true,"audioPlay":false,"sceneViewState":{"m_AlwaysRefresh":false,"showFog":false,"showSkybox":true,"showFlares":true,"showImageEffects":true,"showParticleSystems":true,"showVisualEffectGraphs":true,"m_FxEnabled":true},"in2DMode":false,"pivot":{"x":3.986797332763672,"y":1.2806947231292725,"z":1.2495687007904053},"rotation":{"x":-0.2554212808609009,"y":0.015079361386597157,"z":-0.003980554174631834,"w":-0.9667274951934815},"size":1.457134485244751,"orthographic":false}